A Light in the Attic;Poetry;Three;£51.77;In stock
Tipping the Velvet;Historical Fiction;One;£53.74;In stock
Soumission;Fiction;One;£50.10;In stock
Sharp Objects;Mystery;Four;£47.82;In stock
Sapiens: A Brief History of Humankind;History;Five;£54.23;In stock
The Requiem Red;Young Adult;One;£22.65;In stock
The Dirty Little Secrets of Getting Your Dream Job;Business;Four;£33.34;In stock
The Coming Woman: A Novel Based on the Life of the Infamous Feminist, Victoria Woodhull;Default;Three;£17.93;In stock
The Boys in the Boat: Nine Americans and Their Epic Quest for Gold at the 1936 Berlin Olympics;Default;Four;£22.60;In stock
The Black Maria;Poetry;One;£52.15;In stock
Starving Hearts (Triangular Trade Trilogy, #1);Default;Two;£13.99;In stock
Shakespeare's Sonnets;Poetry;Four;£20.66;In stock
Set Me Free;Young Adult;Five;£17.46;In stock
Scott Pilgrim's Precious Little Life (Scott Pilgrim #1);Sequential Art;Five;£52.29;In stock
Rip it Up and Start Again;Music;Five;£35.02;In stock
Our Band Could Be Your Life: Scenes from the American Indie Underground, 1981-1991;Music;Three;£57.25;In stock
Olio;Poetry;One;£23.88;In stock
Mesaerion: The Best Science Fiction Stories 1800-1849;Science Fiction;One;£37.59;In stock
Libertarianism for Beginners;Politics;Two;£51.33;In stock
It's Only the Himalayas;Travel;Two;£45.17;In stock
In Her Wake;Thriller;One;£12.84;In stock
How Music Works;Music;Two;£37.32;In stock
Foolproof Preserving: A Guide to Small Batch Jams, Jellies, Pickles, Condiments, and More: A Foolproof Guide to Making Small Batch Jams, Jellies, Pickles, Condiments, and More;Food and Drink;Three;£30.52;In stock
Chase Me (Paris Nights #2);Romance;Five;£25.27;In stock
Black Dust;Romance;Five;£34.53;In stock
Birdsong: A Story in Pictures;Childrens;Three;£54.64;In stock
America's Cradle of Quarterbacks: Western Pennsylvania's Football Factory from Johnny Unitas to Joe Montana;Default;Three;£22.50;In stock
Aladdin and His Wonderful Lamp;Default;Three;£53.13;In stock
Worlds Elsewhere: Journeys Around Shakespeare’s Globe;Nonfiction;Five;£40.30;In stock
Wall and Piece;Art;Four;£44.18;In stock
The Four Agreements: A Practical Guide to Personal Freedom;Spirituality;Five;£17.66;In stock
The Five Love Languages: How to Express Heartfelt Commitment to Your Mate;Nonfiction;Three;£31.05;In stock
The Elephant Tree;Thriller;Five;£23.82;In stock
The Bear and the Piano;Childrens;One;£36.89;In stock
Sophie's World;Philosophy;Five;£15.94;In stock
Penny Maybe;Default;Three;£33.29;In stock
Maude (1883-1993):She Grew Up with the country;Default;Two;£18.02;In stock
In a Dark, Dark Wood;Mystery;One;£19.63;In stock
Behind Closed Doors;Thriller;Four;£52.22;In stock
You can't bury them all: Poems;Poetry;Two;£33.63;In stock
Slow States of Collapse: Poems;Poetry;Three;£57.31;In stock
Reasons to Stay Alive;Nonfiction;Two;£26.41;In stock
Private Paris (Private #10);Fiction;Five;£47.61;In stock
#HigherSelfie: Wake Up Your Life. Free Your Soul. Find Your Tribe.;Nonfiction;Five;£23.11;In stock
Without Borders (Wanderlove #1);New Adult;Two;£45.07;In stock
When We Collided;Contemporary;One;£31.77;In stock
We Love You, Charlie Freeman;Fiction;Five;£50.27;In stock
Untitled Collection: Sabbath Poems 2014;Poetry;Four;£14.27;In stock
Unseen City: The Majesty of Pigeons, the Discreet Charm of Snails & Other Wonders of the Urban Wilderness;Nonfiction;Four;£44.18;In stock
Unicorn Tracks;Fantasy;Three;£18.78;In stock
Unbound: How Eight Technologies Made Us Human, Transformed Society, and Brought Our World to the Brink;History;One;£25.52;In stock
Tsubasa: WoRLD CHRoNiCLE 2 (Tsubasa WoRLD CHRoNiCLE #2);Sequential Art;One;£16.28;In stock
Throwing Rocks at the Google Bus: How Growth Became the Enemy of Prosperity;Nonfiction;Three;£31.12;In stock
This One Summer;Sequential Art;Four;£19.49;In stock
Thirst;Fiction;Five;£17.27;In stock
The Torch Is Passed: A Harding Family Story;Add a comment;One;£19.09;In stock
The Secret of Dreadwillow Carse;Childrens;One;£56.13;In stock
The Pioneer Woman Cooks: Dinnertime: Comfort Classics, Freezer Food, 16-Minute Meals, and Other Delicious Ways to Solve Supper!;Food and Drink;One;£56.41;In stock
The Past Never Ends;Mystery;Four;£56.50;In stock
The Natural History of Us (The Fine Art of Pretending #2);Young Adult;Three;£45.22;In stock
The Nameless City (The Nameless City #1);Sequential Art;Four;£38.16;In stock
The Murder That Never Was (Forensic Instincts #5);Fiction;Three;£54.11;In stock
The Most Perfect Thing: Inside (and Outside) a Bird's Egg;Science;Four;£42.96;In stock
The Mindfulness and Acceptance Workbook for Anxiety: A Guide to Breaking Free from Anxiety, Phobias, and Worry Using Acceptance and Commitment Therapy;Add a comment;Four;£23.89;In stock
The Life-Changing Magic of Tidying Up: The Japanese Art of Decluttering and Organizing;Nonfiction;Three;£16.77;In stock
The Inefficiency Assassin: Time Management Tactics for Working Smarter, Not Longer;Default;Five;£20.59;In stock
The Gutsy Girl: Escapades for Your Life of Epic Adventure;Nonfiction;One;£37.13;In stock
The Electric Pencil: Drawings from Inside State Hospital No. 3;Nonfiction;One;£56.06;In stock
The Death of Humanity: and the Case for Life;Philosophy;Four;£58.11;In stock
The Bulletproof Diet: Lose up to a Pound a Day, Reclaim Energy and Focus, Upgrade Your Life;Health;Three;£49.05;In stock
The Art Forger;Add a comment;Three;£40.76;In stock
The Age of Genius: The Seventeenth Century and the Birth of the Modern Mind;History;One;£19.73;In stock
The Activist's Tao Te Ching: Ancient Advice for a Modern Revolution;Spirituality;Five;£32.24;In stock
Spark Joy: An Illustrated Master Class on the Art of Organizing and Tidying Up;Nonfiction;Four;£41.83;In stock
Soul Reader;Default;Two;£39.58;In stock
Security;Horror;Two;£39.25;In stock
Saga, Volume 6 (Saga (Collected Editions) #6);Fantasy;Three;£25.02;In stock
Saga, Volume 5 (Saga (Collected Editions) #5);Sequential Art;Two;£51.04;In stock
Reskilling America: Learning to Labor in the Twenty-First Century;Nonfiction;Two;£19.83;In stock
Rat Queens, Vol. 3: Demons (Rat Queens (Collected Editions) #11-15);Sequential Art;Three;£50.40;In stock
Princess Jellyfish 2-in-1 Omnibus, Vol. 01 (Princess Jellyfish 2-in-1 Omnibus #1);Sequential Art;Five;£13.61;In stock
Princess Between Worlds (Wide-Awake Princess #5);Fantasy;Five;£13.34;In stock
Pop Gun War, Volume 1: Gift;Sequential Art;One;£18.97;In stock
Political Suicide: Missteps, Peccadilloes, Bad Calls, Backroom Hijinx, Sordid Pasts, Rotten Breaks, and Just Plain Dumb Mistakes in the Annals of American Politics;History;Two;£36.28;In stock
Patience;Sequential Art;Three;£10.16;In stock
Outcast, Vol. 1: A Darkness Surrounds Him (Outcast #1);Sequential Art;Four;£15.44;In stock
orange: The Complete Collection 1 (orange: The Complete Collection #1);Sequential Art;One;£48.41;In stock
Online Marketing for Busy Authors: A Step-By-Step Guide;Self Help;One;£46.35;In stock
On a Midnight Clear;Add a comment;Three;£14.07;In stock
Obsidian (Lux #1);Young Adult;Two;£14.86;In stock
My Paris Kitchen: Recipes and Stories;Food and Drink;Two;£33.37;In stock
Masks and Shadows;Fantasy;Two;£56.40;In stock
Mama Tried: Traditional Italian Cooking for the Screwed, Crude, Vegan, and Tattooed;Food and Drink;Four;£14.02;In stock
Lumberjanes, Vol. 2: Friendship to the Max (Lumberjanes #5-8);Sequential Art;Two;£46.91;In stock
Lumberjanes, Vol. 1: Beware the Kitten Holy (Lumberjanes #1-4);Sequential Art;Three;£45.61;In stock
Lumberjanes Vol. 3: A Terrible Plan (Lumberjanes #9-12);Sequential Art;Two;£19.92;In stock
Layered: Baking, Building, and Styling Spectacular Cakes;Food and Drink;One;£40.11;In stock
Judo: Seven Steps to Black Belt (an Introductory Guide for Beginners);Add a comment;Two;£53.90;In stock
Join;Science Fiction;Five;£35.67;In stock
In the Country We Love: My Family Divided;Nonfiction;Four;£22.00;In stock
Immunity: How Elie Metchnikoff Changed the Course of Modern Medicine;Science;Five;£57.36;In stock
I Hate Fairyland, Vol. 1: Madly Ever After (I Hate Fairyland (Compilations) #1-5);Sequential Art;Two;£29.17;In stock
I am a Hero Omnibus Volume 1;Sequential Art;Three;£54.63;In stock
How to Be Miserable: 40 Strategies You Already Use;Self Help;One;£46.03;In stock
Her Backup Boyfriend (The Sorensen Family #1);Romance;One;£33.97;In stock
Giant Days, Vol. 2 (Giant Days #5-8);Sequential Art;Two;£22.11;In stock
Forever and Forever: The Courtship of Henry Longfellow and Fanny Appleton;Historical Fiction;Three;£29.69;In stock
First and First (Five Boroughs #3);Romance;Four;£15.97;In stock
Fifty Shades Darker (Fifty Shades #2);Romance;One;£21.96;In stock
Everydata: The Misinformation Hidden in the Little Data You Consume Every Day;Nonfiction;Two;£54.35;In stock
Don't Be a Jerk: And Other Practical Advice from Dogen, Japan's Greatest Zen Master;Religion;Two;£37.97;In stock
Danganronpa Volume 1;Sequential Art;Four;£51.99;In stock
Crown of Midnight (Throne of Glass #2);Fantasy;Three;£43.29;In stock
Codename Baboushka, Volume 1: The Conclave of Death;Sequential Art;Four;£36.72;In stock
Camp Midnight;Sequential Art;Four;£17.08;In stock
Call the Nurse: True Stories of a Country Nurse on a Scottish Isle;Nonfiction;Five;£29.14;In stock
Burning;Young Adult;Three;£28.81;In stock
Bossypants;Default;Two;£49.46;In stock
Bitch Planet, Vol. 1: Extraordinary Machine (Bitch Planet (Collected Editions));Sequential Art;Two;£37.92;In stock
Avatar: The Last Airbender: Smoke and Shadow, Part 3 (Smoke and Shadow #3);Fantasy;Two;£28.09;In stock
Algorithms to Live By: The Computer Science of Human Decisions;Nonfiction;One;£30.81;In stock
A World of Flavor: Your Gluten Free Passport;Default;One;£42.95;In stock
A Piece of Sky, a Grain of Rice: A Memoir in Four Meditations;Default;Five;£56.76;In stock
A Murder in Time;Mystery;One;£16.64;In stock
A Flight of Arrows (The Pathfinders #2);Historical Fiction;Five;£55.53;In stock
A Fierce and Subtle Poison;Young Adult;Four;£28.13;In stock
A Court of Thorns and Roses (A Court of Thorns and Roses #1);Fantasy;One;£52.37;In stock
(Un)Qualified: How God Uses Broken People to Do Big Things;Christian;Five;£54.00;In stock
You Are What You Love: The Spiritual Power of Habit;Religion;Four;£21.87;In stock
William Shakespeare's Star Wars: Verily, A New Hope (William Shakespeare's Star Wars #4);Science Fiction;Four;£43.30;In stock
Tuesday Nights in 1980;Fiction;Two;£21.04;In stock
Tracing Numbers on a Train;Default;Three;£41.60;In stock
Throne of Glass (Throne of Glass #1);Fantasy;Three;£35.07;In stock
Thomas Jefferson and the Tripoli Pirates: The Forgotten War That Changed American History;History;One;£59.64;In stock
Thirteen Reasons Why;Default;One;£52.72;In stock
The White Cat and the Monk: A Retelling of the Poem “Pangur Bán”;Childrens;Four;£58.08;In stock
The Wedding Dress;Romance;One;£24.12;In stock
The Vacationers;Fiction;Four;£42.15;In stock
The Third Wave: An Entrepreneur’s Vision of the Future;Business;Five;£12.61;In stock
The Stranger;Philosophy;Four;£17.44;In stock
The Shadow Hero (The Shadow Hero);Sequential Art;One;£33.14;In stock
The Secret (The Secret #1);Default;Four;£27.37;In stock
The Regional Office Is Under Attack!;Fiction;Five;£51.36;In stock
The Psychopath Test: A Journey Through the Madness Industry;Default;Two;£36.00;In stock
The Project;Science Fiction;One;£10.65;In stock
The Power of Now: A Guide to Spiritual Enlightenment;Nonfiction;Two;£43.54;In stock
The Omnivore's Dilemma: A Natural History of Four Meals;Nonfiction;Two;£38.21;In stock
The Nerdy Nummies Cookbook: Sweet Treats for the Geek in All of Us;Food and Drink;Five;£37.34;In stock
The Murder of Roger Ackroyd (Hercule Poirot #4);Mystery;Four;£44.10;In stock
The Mistake (Off-Campus #2);New Adult;Three;£43.29;In stock
The Matchmaker's Playbook (Wingmen Inc. #1);New Adult;One;£55.85;In stock
The Love and Lemons Cookbook: An Apple-to-Zucchini Celebration of Impromptu Cooking;Food and Drink;Two;£37.60;In stock
The Long Shadow of Small Ghosts: Murder and Memory in an American City;Crime;One;£10.97;In stock
The Kite Runner;Default;Four;£41.82;In stock
The House by the Lake;Historical Fiction;One;£36.95;In stock
The Glittering Court (The Glittering Court #1);Fantasy;One;£44.28;In stock
The Girl on the Train;Default;Two;£55.02;In stock
The Genius of Birds;Nonfiction;One;£17.24;In stock
The Emerald Mystery;Default;Two;£23.15;In stock
The Cookies & Cups Cookbook: 125+ sweet & savory recipes reminding you to Always Eat Dessert First;Food and Drink;One;£41.25;In stock
The Bridge to Consciousness: I'm Writing the Bridge Between Science and Our Old and New Beliefs.;Default;Three;£32.00;In stock
The Artist's Way: A Spiritual Path to Higher Creativity;Nonfiction;Five;£38.49;In stock
The Art of War;Default;Five;£33.34;In stock
The Argonauts;Autobiography;Two;£10.93;In stock
The 10% Entrepreneur: Live Your Startup Dream Without Quitting Your Day Job;Business;Three;£27.55;In stock
Suddenly in Love (Lake Haven #1);Romance;Two;£55.99;In stock
Something More Than This;Romance;Four;£16.24;In stock
Soft Apocalypse;Science Fiction;Two;£26.12;In stock
So You've Been Publicly Shamed;Nonfiction;Two;£12.23;In stock
Shoe Dog: A Memoir by the Creator of NIKE;Business;Two;£23.99;In stock
Shobu Samurai, Project Aryoku (#3);Add a comment;Three;£29.06;In stock
Secrets and Lace (Fatal Hearts #1);Default;One;£20.27;In stock
Scarlett Epstein Hates It Here;Young Adult;Five;£43.55;In stock
Romero and Juliet: A Tragic Tale of Love and Zombies;Default;One;£36.94;In stock
Redeeming Love;Christian Fiction;Five;£20.47;In stock
Poses for Artists Volume 1 - Dynamic and Sitting Poses: An Essential Reference for Figure Drawing and the Human Form;Default;One;£41.06;In stock
Poems That Make Grown Women Cry;Poetry;Four;£14.19;In stock
Nightingale, Sing;Young Adult;One;£38.28;In stock
Night Sky with Exit Wounds;Poetry;One;£41.05;In stock
Mrs. Houdini;Historical Fiction;Five;£30.25;In stock
Modern Romance;Add a comment;Five;£28.26;In stock
Miss Peregrine’s Home for Peculiar Children (Miss Peregrine’s Peculiar Children #1);Default;One;£10.76;In stock
Louisa: The Extraordinary Life of Mrs. Adams;Biography;Two;£16.85;In stock
Little Red;Childrens;Three;£13.47;In stock
Library of Souls (Miss Peregrine’s Peculiar Children #3);Young Adult;Five;£48.56;In stock
Large Print Heart of the Pride;Default;Two;£19.15;In stock
I Had a Nice Time And Other Lies...: How to find love & sh*t like that;Womens Fiction;Four;£57.36;In stock
Hollow City (Miss Peregrine’s Peculiar Children #2);Fantasy;One;£42.98;In stock
Grumbles;Default;Two;£22.16;In stock
Full Moon over Noah’s Ark: An Odyssey to Mount Ararat and Beyond;Travel;Four;£49.43;In stock
Frostbite (Vampire Academy #2);Young Adult;Five;£29.99;In stock
Follow You Home;Horror;One;£21.36;In stock
First Steps for New Christians (Print Edition);Default;One;£29.00;In stock
Finders Keepers (Bill Hodges Trilogy #2);Fiction;Five;£53.53;In stock
Fables, Vol. 1: Legends in Exile (Fables #1);Sequential Art;Four;£41.62;In stock
Eureka Trivia 6.0;Default;Four;£54.59;In stock
Drive: The Surprising Truth About What Motivates Us;Default;Four;£34.95;In stock
Done Rubbed Out (Reightman & Bailey #1);Default;Five;£37.72;In stock
Doing It Over (Most Likely To #1);Romance;Three;£35.61;In stock
Deliciously Ella Every Day: Quick and Easy Recipes for Gluten-Free Snacks, Packed Lunches, and Simple Meals;Food and Drink;Three;£42.16;In stock
Dark Notes;Erotica;Five;£19.19;In stock
Daring Greatly: How the Courage to Be Vulnerable Transforms the Way We Live, Love, Parent, and Lead;Nonfiction;Three;£19.43;In stock
Close to You;Christian Fiction;Four;£49.46;In stock
Chasing Heaven: What Dying Taught Me About Living;Spirituality;Two;£37.80;In stock
Big Magic: Creative Living Beyond Fear;Nonfiction;Three;£30.80;In stock
Becoming Wise: An Inquiry into the Mystery and Art of Living;Nonfiction;Two;£27.43;In stock
Beauty Restored (Riley Family Legacy Novellas #3);Default;Two;£11.11;In stock
Batman: The Long Halloween (Batman);Sequential Art;Two;£36.50;In stock
Batman: The Dark Knight Returns (Batman);Sequential Art;Five;£15.38;In stock
Ayumi's Violin;Default;Two;£15.48;In stock
Anonymous;Default;Four;£46.82;In stock
Amy Meets the Saints and Sages;Default;Three;£18.46;In stock
Amid the Chaos;Cultural;One;£36.58;In stock
Amatus;Default;Five;£50.54;In stock
Agnostic: A Spirited Manifesto;Nonfiction;Five;£12.51;In stock
Zealot: The Life and Times of Jesus of Nazareth;History;Three;£24.70;In stock
You (You #1);Thriller;Five;£43.61;In stock
Wonder Woman: Earth One, Volume One (Wonder Woman: Earth One #1);Sequential Art;Four;£37.34;In stock
Wild Swans;Young Adult;Two;£14.36;In stock
Why the Right Went Wrong: Conservatism--From Goldwater to the Tea Party and Beyond;Politics;Four;£52.65;In stock
Whole Lotta Creativity Going On: 60 Fun and Unusual Exercises to Awaken and Strengthen Your Creativity;Nonfiction;Four;£38.20;In stock
What's It Like in Space?: Stories from Astronauts Who've Been There;Nonfiction;Two;£19.60;In stock
We Are Robin, Vol. 1: The Vigilante Business (We Are Robin #1);Sequential Art;One;£53.90;In stock
Walt Disney's Alice in Wonderland;Childrens;Five;£12.96;In stock
V for Vendetta (V for Vendetta Complete);Default;Four;£37.10;In stock
Until Friday Night (The Field Party #1);Young Adult;Two;£46.31;In stock
Unbroken: A World War II Story of Survival, Resilience, and Redemption;Default;Two;£45.95;In stock
Twenty Yawns;Childrens;Two;£22.08;In stock
Through the Woods;Sequential Art;Two;£25.38;In stock
This Is Where It Ends;Young Adult;Two;£27.12;In stock
The Year of Magical Thinking;Nonfiction;Two;£43.04;In stock
The Wright Brothers;Default;Four;£56.80;In stock
The White Queen (The Cousins' War #1);Add a comment;Five;£25.91;In stock
The Wedding Pact (The O'Malleys #2);Romance;Three;£32.61;In stock
The Time Keeper;Fiction;Five;£27.88;In stock
The Testament of Mary;Fiction;Four;£52.67;In stock
The Star-Touched Queen;Fantasy;Five;£46.02;In stock
The Songs of the Gods;Default;Five;£44.48;In stock
The Song of Achilles;Add a comment;Five;£37.40;In stock
The Rosie Project (Don Tillman #1);Default;One;£54.04;In stock
The Power of Habit: Why We Do What We Do in Life and Business;Default;Three;£16.88;In stock
The Marriage of Opposites;Historical Fiction;Four;£28.08;In stock
The Lucifer Effect: Understanding How Good People Turn Evil;Psychology;One;£10.40;In stock
The Long Haul (Diary of a Wimpy Kid #9);Humor;One;£44.07;In stock
The Loney;Horror;One;£23.40;In stock
The Literature Book (Big Ideas Simply Explained);Nonfiction;Three;£17.43;In stock
The Last Mile (Amos Decker #2);Mystery;Two;£54.21;In stock
The Immortal Life of Henrietta Lacks;Add a comment;Two;£40.67;In stock
The Hidden Oracle (The Trials of Apollo #1);Fantasy;Two;£52.26;In stock
The Help Yourself Cookbook for Kids: 60 Easy Plant-Based Recipes Kids Can Make to Stay Healthy and Save the Earth;Food and Drink;Three;£28.77;In stock
The Guilty (Will Robie #4);Thriller;Two;£13.82;In stock
The First Hostage (J.B. Collins #2);Fiction;Three;£25.85;In stock
The Dovekeepers;Add a comment;One;£48.78;In stock
The Darkest Lie;Young Adult;Five;£35.35;In stock
The Bane Chronicles (The Bane Chronicles #1-11);Fantasy;Four;£44.73;In stock
The Bad-Ass Librarians of Timbuktu: And Their Race to Save the World’s Most Precious Manuscripts;Nonfiction;One;£15.77;In stock
The 14th Colony (Cotton Malone #11);Thriller;One;£39.24;In stock
That Darkness (Gardiner and Renner #1);Mystery;One;£13.92;In stock
Tastes Like Fear (DI Marnie Rome #3);Mystery;One;£10.69;In stock
Take Me with You;Fiction;Three;£45.21;In stock
Swell: A Year of Waves;Nonfiction;One;£45.58;In stock
Superman Vol. 1: Before Truth (Superman by Gene Luen Yang #1);Sequential Art;Five;£11.89;In stock
Still Life with Bread Crumbs;Fiction;Three;£26.41;In stock
Steve Jobs;Default;Five;£39.50;In stock
Sorting the Beef from the Bull: The Science of Food Fraud Forensics;Science;Four;£44.74;In stock
Someone Like You (The Harrisons #2);Contemporary;Five;£52.79;In stock
So Cute It Hurts!!, Vol. 6 (So Cute It Hurts!! #6);Sequential Art;Four;£35.43;In stock
Shtum;Fiction;Four;£55.84;In stock
See America: A Celebration of Our National Parks & Treasured Sites;Travel;Three;£48.87;In stock
salt.;Poetry;Four;£46.78;In stock
Robin War;Sequential Art;Three;£47.82;In stock
Red Hood/Arsenal, Vol. 1: Open for Business (Red Hood/Arsenal #1);Sequential Art;Two;£25.48;In stock
Rain Fish;Childrens;Three;£23.57;In stock
Quarter Life Poetry: Poems for the Young, Broke and Hangry;Poetry;Five;£50.89;In stock
Pet Sematary;Horror;Three;£10.56;In stock
Overload: How to Unplug, Unwind, and Unleash Yourself from the Pressure of Stress;Self Help;Three;£52.15;In stock
Once Was a Time;Childrens;Two;£18.28;In stock
Old School (Diary of a Wimpy Kid #10);Humor;Five;£11.83;In stock
No Dream Is Too High: Life Lessons From a Man Who Walked on the Moon;Nonfiction;Two;£21.95;In stock
Naruto (3-in-1 Edition), Vol. 14: Includes Vols. 40, 41 & 42 (Naruto: Omnibus #14);Sequential Art;Two;£38.39;In stock
My Name Is Lucy Barton;Fiction;One;£41.56;In stock
My Mrs. Brown;Fiction;Three;£24.48;In stock
My Kind of Crazy;Young Adult;One;£40.36;In stock
Mr. Mercedes (Bill Hodges Trilogy #1);Fiction;One;£28.90;In stock
More Than Music (Chasing the Dream #1);Add a comment;Two;£37.61;In stock
Made to Stick: Why Some Ideas Survive and Others Die;Business;Five;£38.85;In stock
Luis Paints the World;Childrens;Three;£53.95;In stock
Luckiest Girl Alive;Default;Three;£49.83;In stock
Lowriders to the Center of the Earth (Lowriders in Space #2);Sequential Art;Two;£51.51;In stock
Love Is a Mix Tape (Music #1);Music;One;£18.03;In stock
Looking for Lovely: Collecting the Moments that Matter;Nonfiction;Five;£29.14;In stock
Living Leadership by Insight: A Good Leader Achieves, a Great Leader Builds Monuments;Default;Four;£46.91;In stock
Let It Out: A Journey Through Journaling;Nonfiction;Five;£26.79;In stock
Lady Midnight (The Dark Artifices #1);Default;Five;£16.28;In stock
It's All Easy: Healthy, Delicious Weeknight Meals in under 30 Minutes;Food and Drink;One;£19.55;In stock
Island of Dragons (Unwanteds #7);Fantasy;One;£29.65;In stock
I Know What I'm Doing -- and Other Lies I Tell Myself: Dispatches from a Life Under Construction;Humor;Four;£25.98;In stock
I Am Pilgrim (Pilgrim #1);Fiction;Four;£10.60;In stock
Hyperbole and a Half: Unfortunate Situations, Flawed Coping Mechanisms, Mayhem, and Other Things That Happened;Humor;Five;£14.75;In stock
Hush, Hush (Hush, Hush #1);Default;Three;£47.02;In stock
Hold Your Breath (Search and Rescue #1);Romance;One;£28.82;In stock
Hamilton: The Revolution;Nonfiction;Three;£58.79;In stock
Greek Mythic History;Default;Five;£10.23;In stock
God: The Most Unpleasant Character in All Fiction;Religion;Five;£30.03;In stock
Glory over Everything: Beyond The Kitchen House;Historical Fiction;Three;£45.84;In stock
Feathers: Displays of Brilliant Plumage;Art;Three;£49.05;In stock
Far & Away: Places on the Brink of Change: Seven Continents, Twenty-Five Years;Nonfiction;Four;£15.06;In stock
Every Last Word;Default;Three;£46.47;In stock
Eligible (The Austen Project #4);Fiction;Three;£27.09;In stock
El Deafo;Sequential Art;Five;£57.62;In stock
Eight Hundred Grapes;Fiction;Four;£14.39;In stock
Eaternity: More than 150 Deliciously Easy Vegan Recipes for a Long, Healthy, Satisfied, Joyful Life;Nonfiction;Five;£51.75;In stock
Eat Fat, Get Thin;Health;Two;£54.07;In stock
Don't Get Caught;Young Adult;One;£55.35;In stock
Doctor Sleep (The Shining #2);Horror;Two;£40.12;In stock
Demigods & Magicians: Percy and Annabeth Meet the Kanes (Percy Jackson & Kane Chronicles Crossover #1-3);Fantasy;Five;£37.51;In stock
Dear Mr. Knightley;Fiction;Five;£11.21;In stock
Daily Fantasy Sports;Default;One;£36.58;In stock
Crazy Love: Overwhelmed by a Relentless God;Christian;Two;£47.72;In stock
Cometh the Hour (The Clifton Chronicles #6);Fiction;Three;£25.01;In stock
Code Name Verity (Code Name Verity #1);Add a comment;Four;£22.13;In stock
Clockwork Angel (The Infernal Devices #1);Default;One;£44.14;In stock
City of Glass (The Mortal Instruments #3);Fantasy;Four;£56.02;In stock
City of Fallen Angels (The Mortal Instruments #4);Default;Four;£11.23;In stock
City of Bones (The Mortal Instruments #1);Default;One;£43.28;In stock
City of Ashes (The Mortal Instruments #2);Default;One;£47.27;In stock
Cell;Add a comment;Four;£20.29;In stock
Catching Jordan (Hundred Oaks);Young Adult;Three;£50.83;In stock
Carry On, Warrior: Thoughts on Life Unarmed;Default;Three;£31.85;In stock
Carrie;Default;Two;£46.23;In stock
Buying In: The Secret Dialogue Between What We Buy and Who We Are;Nonfiction;Four;£37.80;In stock
Brain on Fire: My Month of Madness;Nonfiction;Five;£49.32;In stock
Batman: Europa;Sequential Art;Two;£32.01;In stock
Barefoot Contessa Back to Basics;Food and Drink;One;£28.01;In stock
Barefoot Contessa at Home: Everyday Recipes You'll Make Over and Over Again;Food and Drink;Five;£50.62;In stock
Balloon Animals;Fiction;Three;£17.03;In stock
Art Ops Vol. 1;Sequential Art;Three;£48.80;In stock
Aristotle and Dante Discover the Secrets of the Universe (Aristotle and Dante Discover the Secrets of the Universe #1);Young Adult;Four;£58.14;In stock
Angels Walking (Angels Walking #1);Add a comment;Two;£34.20;In stock
Angels & Demons (Robert Langdon #1);Default;Three;£51.48;In stock
All the Light We Cannot See;Historical;Five;£29.87;In stock
Adulthood Is a Myth: A "Sarah's Scribbles" Collection;Sequential Art;Two;£10.90;In stock
Abstract City;Nonfiction;Five;£56.37;In stock
A Time of Torment (Charlie Parker #14);Mystery;Five;£48.35;In stock
A Study in Scarlet (Sherlock Holmes #1);Mystery;Two;£16.73;In stock
A Series of Catastrophes and Miracles: A True Story of Love, Science, and Cancer;Add a comment;Two;£56.48;In stock
A People's History of the United States;Add a comment;Two;£40.79;In stock
A Man Called Ove;Fiction;One;£39.72;In stock
A Distant Mirror: The Calamitous 14th Century;History;Three;£14.58;In stock
A Brush of Wings (Angels Walking #3);Add a comment;One;£55.51;In stock
1491: New Revelations of the Americas Before Columbus;History;Three;£21.80;In stock
The Three Searches, Meaning, and the Story;Default;Three;£13.33;In stock
Searching for Meaning in Gailana;Fantasy;One;£38.73;In stock
Rook;Add a comment;Four;£37.86;In stock
My Kitchen Year: 136 Recipes That Saved My Life;Food and Drink;Two;£11.53;In stock
13 Hours: The Inside Account of What Really Happened In Benghazi;Nonfiction;One;£27.06;In stock
Will You Won't You Want Me?;Womens Fiction;Three;£13.86;In stock
Tipping Point for Planet Earth: How Close Are We to the Edge?;Science;One;£37.55;In stock
The Star-Touched Queen;Fantasy;Five;£32.30;In stock
The Silent Sister (Riley MacPherson #1);Fiction;Five;£46.29;In stock
The Midnight Watch: A Novel of the Titanic and the Californian;Add a comment;One;£26.20;In stock
The Lonely City: Adventures in the Art of Being Alone;Nonfiction;Two;£33.26;In stock
The Gray Rhino: How to Recognize and Act on the Obvious Dangers We Ignore;Add a comment;Four;£59.15;In stock
The Golden Condom: And Other Essays on Love Lost and Found;Psychology;One;£39.43;In stock
The Epidemic (The Program 0.6);Young Adult;Five;£14.44;In stock
The Dinner Party;Fiction;Two;£56.54;In stock
The Diary of a Young Girl;Nonfiction;Three;£59.90;In stock
The Children;Add a comment;Three;£11.88;In stock
Stars Above (The Lunar Chronicles #4.5);Young Adult;Two;£48.05;In stock
Snatched: How A Drug Queen Went Undercover for the DEA and Was Kidnapped By Colombian Guerillas;Nonfiction;Three;£21.21;In stock
Raspberry Pi Electronics Projects for the Evil Genius;Default;Four;£49.67;In stock
Quench Your Own Thirst: Business Lessons Learned Over a Beer or Two;Business;One;£43.14;In stock
Psycho: Sanitarium (Psycho #1.5);Horror;Five;£36.97;In stock
Poisonous (Max Revere Novels #3);Mystery;Three;£26.80;In stock
One with You (Crossfire #5);Add a comment;Four;£15.71;In stock
No Love Allowed (Dodge Cove #1);Young Adult;Four;£54.65;In stock
Murder at the 42nd Street Library (Raymond Ambler #1);Mystery;Four;£54.36;In stock
Most Wanted;Mystery;Three;£35.28;In stock
Love, Lies and Spies;Historical Fiction;Two;£20.55;In stock
How to Speak Golf: An Illustrated Guide to Links Lingo;Default;Five;£58.32;In stock
Hide Away (Eve Duncan #20);Mystery;One;£11.84;In stock
Furiously Happy: A Funny Book About Horrible Things;Nonfiction;Four;£41.46;In stock
Everyday Italian: 125 Simple and Delicious Recipes;Food and Drink;Five;£20.10;In stock
Equal Is Unfair: America's Misguided Fight Against Income Inequality;Politics;One;£56.86;In stock
Eleanor & Park;Default;Five;£56.51;In stock
Dirty (Dive Bar #1);Romance;Four;£40.83;In stock
Can You Keep a Secret? (Fear Street Relaunch #4);Horror;One;£48.64;In stock
Boar Island (Anna Pigeon #19);Mystery;Three;£59.48;In stock
A Paris Apartment;Historical Fiction;Four;£39.01;In stock
A la Mode: 120 Recipes in 60 Pairings: Pies, Tarts, Cakes, Crisps, and More Topped with Ice Cream, Gelato, Frozen Custard, and More;Food and Drink;One;£38.77;In stock
Troublemaker: Surviving Hollywood and Scientology;Default;Two;£48.39;In stock
The Widow;Mystery;Two;£27.26;In stock
The Sleep Revolution: Transforming Your Life, One Night at a Time;Nonfiction;Four;£11.68;In stock
The Improbability of Love;Fiction;One;£59.45;In stock
The Art of Startup Fundraising;Business;Three;£21.00;In stock
Take Me Home Tonight (Rock Star Romance #3);Romance;Three;£53.98;In stock
Sleeping Giants (Themis Files #1);Science Fiction;One;£48.74;In stock
Setting the World on Fire: The Brief, Astonishing Life of St. Catherine of Siena;Biography;Two;£21.15;In stock
Playing with Fire;Mystery;Three;£13.71;In stock
Off the Hook (Fishing for Trouble #1);Romance;Three;£47.67;In stock
Mothering Sunday;Fiction;Two;£13.34;In stock
Mother, Can You Not?;Nonfiction;Five;£16.89;In stock
M Train;Autobiography;One;£27.18;In stock
Lilac Girls;Historical Fiction;Two;£17.28;In stock
Lies and Other Acts of Love;Fiction;One;£45.14;In stock
Lab Girl;Autobiography;One;£40.85;In stock
Keep Me Posted;Womens Fiction;Four;£20.46;In stock
It Didn't Start with You: How Inherited Family Trauma Shapes Who We Are and How to End the Cycle;Psychology;Three;£56.27;In stock
Grey (Fifty Shades #4);Womens Fiction;Four;£48.49;In stock
Exit, Pursued by a Bear;Young Adult;Four;£51.34;In stock
Daredevils;Fiction;Three;£16.34;In stock
Cravings: Recipes for What You Want to Eat;Food and Drink;Three;£20.50;In stock
Born for This: How to Find the Work You Were Meant to Do;Business;Five;£21.59;In stock
Arena;Science Fiction;Four;£21.36;In stock
Adultery;Default;Five;£20.88;In stock
A Mother's Reckoning: Living in the Aftermath of Tragedy;Nonfiction;Three;£19.53;In stock
A Gentleman's Position (Society of Gentlemen #3);Romance;Five;£14.75;In stock
11/22/63;Fiction;Three;£48.48;In stock
10% Happier: How I Tamed the Voice in My Head, Reduced Stress Without Losing My Edge, and Found Self-Help That Actually Works;Nonfiction;Two;£24.57;In stock
10-Day Green Smoothie Cleanse: Lose Up to 15 Pounds in 10 Days!;Health;Five;£49.71;In stock
Without Shame;Add a comment;Five;£48.27;In stock
Watchmen;Add a comment;Four;£58.05;In stock
Unlimited Intuition Now;Default;Four;£58.87;In stock
Underlying Notes;Default;Two;£11.82;In stock
The Shack;Fiction;One;£28.03;In stock
The New Brand You: Your New Image Makes the Sale for You;Default;Five;£44.05;In stock
The Moosewood Cookbook: Recipes from Moosewood Restaurant, Ithaca, New York;Food and Drink;Four;£12.34;In stock
The Flowers Lied;Default;Two;£16.68;In stock
The Fabric of the Cosmos: Space, Time, and the Texture of Reality;Science;One;£55.91;In stock
The Book of Mormon;Religion;Three;£24.57;In stock
The Art and Science of Low Carbohydrate Living;Health;Five;£52.98;In stock
The Alien Club;Young Adult;One;£54.40;In stock
Suzie Snowflake: One beautiful flake (a self-esteem story);Novels;Five;£54.81;In stock
Nap-a-Roo;Childrens;One;£25.08;In stock
NaNo What Now? Finding your editing process, revising your NaNoWriMo book and building a writing career through publishing and beyond;Default;Four;£10.41;In stock
Modern Day Fables;Default;Two;£47.44;In stock
If I Gave You God's Phone Number....: Searching for Spirituality in America;Spirituality;One;£20.91;In stock
Fruits Basket, Vol. 9 (Fruits Basket #9);Sequential Art;Four;£33.95;In stock
Dress Your Family in Corduroy and Denim;Humor;Three;£43.68;In stock
Don't Forget Steven;Young Adult;One;£33.23;In stock
Chernobyl 01:23:40: The Incredible True Story of the World's Worst Nuclear Disaster;Nonfiction;Two;£35.92;In stock
Art and Fear: Observations on the Perils (and Rewards) of Artmaking;Art;Four;£48.63;In stock
A Shard of Ice (The Black Symphony Saga #1);Fantasy;Three;£56.63;In stock
A Hero's Curse (The Unseen Chronicles #1);Add a comment;Three;£50.49;In stock
23 Degrees South: A Tropical Tale of Changing Whether...;Add a comment;Two;£35.79;In stock
Zero to One: Notes on Startups, or How to Build the Future;Nonfiction;Three;£34.06;In stock
Why Not Me?;Nonfiction;One;£17.76;In stock
When Breath Becomes Air;Nonfiction;Two;£39.36;In stock
Vagabonding: An Uncommon Guide to the Art of Long-Term World Travel;Travel;Two;£36.94;In stock
The Unlikely Pilgrimage of Harold Fry (Harold Fry #1);Default;Five;£43.62;In stock
The New Drawing on the Right Side of the Brain;Art;Three;£43.02;In stock
The Midnight Assassin: Panic, Scandal, and the Hunt for America's First Serial Killer;Nonfiction;Four;£28.45;In stock
The Martian (The Martian #1);Default;Two;£41.39;In stock
The High Mountains of Portugal;Fiction;One;£51.15;In stock
The Grownup;Short Stories;One;£35.88;In stock
The E-Myth Revisited: Why Most Small Businesses Don't Work and What to Do About It;Business;One;£36.91;In stock
South of Sunshine;Young Adult;One;£28.93;In stock
Smarter Faster Better: The Secrets of Being Productive in Life and Business;Nonfiction;Five;£38.89;In stock
Silence in the Dark (Logan Point #4);Suspense;Three;£58.33;In stock
Shadows of the Past (Logan Point #1);Christian Fiction;Five;£39.67;In stock
Roller Girl;Sequential Art;Five;£14.10;In stock
Rising Strong;Nonfiction;Three;£21.82;In stock
Proofs of God: Classical Arguments from Tertullian to Barth;Philosophy;One;£54.21;In stock
Please Kill Me: The Uncensored Oral History of Punk;Music;Four;£31.19;In stock
Out of Print: City Lights Spotlight No. 14;Poetry;Five;£53.64;In stock
My Life Next Door (My Life Next Door );Young Adult;Five;£36.39;In stock
Miller's Valley;Fiction;Two;£58.54;In stock
Man's Search for Meaning;Nonfiction;Three;£29.48;In stock
Love That Boy: What Two Presidents, Eight Road Trips, and My Son Taught Me About a Parent's Expectations;Nonfiction;Two;£25.06;In stock
Living Forward: A Proven Plan to Stop Drifting and Get the Life You Want;Nonfiction;Three;£12.55;In stock
Les Fleurs du Mal;Poetry;Five;£29.04;In stock
Left Behind (Left Behind #1);Default;Two;£40.72;In stock
Kill 'Em and Leave: Searching for James Brown and the American Soul;Music;Five;£45.05;In stock
Kierkegaard: A Christian Missionary to Christians;Philosophy;One;£47.13;In stock
John Vassos: Industrial Design for Modern Life;Default;Four;£20.22;In stock
I'll Give You the Sun;Default;One;£56.48;In stock
I Will Find You;Nonfiction;One;£44.21;In stock
Hystopia: A Novel;Fiction;Four;£21.96;In stock
Howl and Other Poems;Poetry;Two;£40.45;In stock
History of Beauty;Art;Four;£10.29;In stock
Heaven is for Real: A Little Boy's Astounding Story of His Trip to Heaven and Back;Default;Two;£52.86;In stock
Future Shock (Future Shock #1);Young Adult;Five;£55.65;In stock
Ender's Game (The Ender Quintet #1);Default;One;£43.64;In stock
Diary of a Citizen Scientist: Chasing Tiger Beetles and Other New Ways of Engaging the World;Science;One;£28.41;In stock
Death by Leisure: A Cautionary Tale;Default;Four;£37.51;In stock
Brilliant Beacons: A History of the American Lighthouse;History;Three;£11.45;In stock
Brazen: The Courage to Find the You That's Been Hiding;Nonfiction;Two;£19.22;In stock
Between the World and Me;Nonfiction;Four;£56.91;In stock
Being Mortal: Medicine and What Matters in the End;Nonfiction;Four;£55.06;In stock
A Murder Over a Girl: Justice, Gender, Junior High;Nonfiction;Three;£13.20;In stock
32 Yolks;Food and Drink;Two;£53.63;In stock
"Most Blessed of the Patriarchs": Thomas Jefferson and the Empire of the Imagination;History;Five;£44.48;In stock
You Are a Badass: How to Stop Doubting Your Greatness and Start Living an Awesome Life;Self Help;Three;£12.08;In stock
Wildlife of New York: A Five-Borough Coloring Book;Default;Two;£22.14;In stock
What Happened on Beale Street (Secrets of the South Mysteries #2);Mystery;Five;£25.37;In stock
Unreasonable Hope: Finding Faith in the God Who Brings Purpose to Your Pain;Spirituality;Two;£46.33;In stock
Under the Tuscan Sun;Travel;Three;£37.33;In stock
Toddlers Are A**holes: It's Not Your Fault;Humor;One;£25.55;In stock
The Year of Living Biblically: One Man's Humble Quest to Follow the Bible as Literally as Possible;Default;One;£34.72;In stock
The Whale;Childrens;Four;£35.96;In stock
The Story of Art;Art;Four;£41.14;In stock
The Origin of Species;Science;Four;£10.01;In stock
The Great Gatsby;Default;Four;£36.05;In stock
The Good Girl;Default;Three;£49.03;In stock
The Glass Castle;Add a comment;One;£16.24;In stock
The Faith of Christopher Hitchens: The Restless Soul of the World's Most Notorious Atheist;Biography;One;£39.55;In stock
The Drowning Girls;Add a comment;Three;£35.67;In stock
The Constant Princess (The Tudor Court #1);Historical Fiction;Three;£16.62;In stock
The Bourne Identity (Jason Bourne #1);Fiction;Four;£42.78;In stock
The Bachelor Girl's Guide to Murder (Herringford and Watts Mysteries #1);Mystery;Five;£52.30;In stock
The Art Book;Art;Two;£32.34;In stock
The 7 Habits of Highly Effective People: Powerful Lessons in Personal Change;Default;Four;£33.17;In stock
Team of Rivals: The Political Genius of Abraham Lincoln;Add a comment;Five;£20.12;In stock
Steal Like an Artist: 10 Things Nobody Told You About Being Creative;Default;Two;£20.90;In stock
Sit, Stay, Love;Romance;Three;£20.90;In stock
Sister Dear;Fiction;Four;£40.20;In stock
Shrunken Treasures: Literary Classics, Short, Sweet, and Silly;Childrens;Three;£52.87;In stock
Rich Dad, Poor Dad;Business;One;£51.74;In stock
Raymie Nightingale;Childrens;Two;£34.41;In stock
Playing from the Heart;Childrens;One;£32.38;In stock
Nightstruck: A Novel;Young Adult;Four;£50.35;In stock
Naturally Lean: 125 Nourishing Gluten-Free, Plant-Based Recipes--All Under 300 Calories;Food and Drink;Five;£11.38;In stock
Meternity;Womens Fiction;Three;£43.58;In stock
Memoirs of a Geisha;Fiction;Three;£49.67;In stock
Like Never Before (Walker Family #2);Christian Fiction;Two;£28.77;In stock
Life of Pi;Default;Four;£13.22;In stock
Leave This Song Behind: Teen Poetry at Its Best;Poetry;Five;£51.17;In stock
King's Folly (The Kinsman Chronicles #1);Fantasy;Five;£39.61;In stock
John Adams;Add a comment;Four;£57.43;In stock
How to Cook Everything Vegetarian: Simple Meatless Recipes for Great Food (How to Cook Everything);Food and Drink;Four;£46.01;In stock
How to Be a Domestic Goddess: Baking and the Art of Comfort Cooking;Food and Drink;Two;£28.25;In stock
Good in Bed (Cannie Shapiro #1);Add a comment;Five;£37.05;In stock
Fruits Basket, Vol. 7 (Fruits Basket #7);Sequential Art;One;£19.57;In stock
For the Love: Fighting for Grace in a World of Impossible Standards;Nonfiction;Three;£45.13;In stock
Finding God in the Ruins: How God Redeems Pain;Nonfiction;Two;£46.64;In stock
Every Heart a Doorway (Every Heart A Doorway #1);Fantasy;Five;£12.16;In stock
Delivering the Truth (Quaker Midwife Mystery #1);Mystery;Four;£20.89;In stock
Counted With the Stars (Out from Egypt #1);Christian Fiction;Five;£17.97;In stock
Chronicles, Vol. 1;Music;Two;£52.60;In stock
Blue Like Jazz: Nonreligious Thoughts on Christian Spirituality;Christian;One;£25.77;In stock
Benjamin Franklin: An American Life;Biography;Three;£48.19;In stock
At The Existentialist Café: Freedom, Being, and apricot cocktails with: Jean-Paul Sartre, Simone de Beauvoir, Albert Camus, Martin Heidegger, Edmund Husserl, Karl Jaspers, Maurice Merleau-Ponty and others;Philosophy;Five;£29.93;In stock
A Summer In Europe;Travel;Two;£44.34;In stock
A Short History of Nearly Everything;History;Five;£52.40;In stock
A Gathering of Shadows (Shades of Magic #2);Fantasy;Four;£44.81;In stock
The Sound Of Love;Default;Five;£57.84;In stock
The Rise and Fall of the Third Reich: A History of Nazi Germany;History;Two;£39.67;In stock
The Perks of Being a Wallflower;Default;Three;£55.02;In stock
The Mysterious Affair at Styles (Hercule Poirot #1);Mystery;Four;£24.80;In stock
The Man Who Mistook His Wife for a Hat and Other Clinical Tales;Nonfiction;Four;£59.45;In stock
The Makings of a Fatherless Child;Default;Two;£31.58;In stock
The Joy of Cooking;Add a comment;Four;£43.27;In stock
The Invention of Wings;Historical Fiction;One;£37.34;In stock
The Hobbit (Middle-Earth Universe);Default;Five;£17.80;In stock
The Great Railway Bazaar;Travel;One;£30.54;In stock
The Golden Compass (His Dark Materials #1);Add a comment;One;£18.77;In stock
The God Delusion;Add a comment;Three;£46.85;In stock
The Girl You Left Behind (The Girl You Left Behind #1);Historical;One;£15.79;In stock
The Fellowship of the Ring (The Lord of the Rings #1);Default;Two;£10.27;In stock
The Collected Poems of W.B. Yeats (The Collected Works of W.B. Yeats #1);Poetry;Five;£15.42;In stock
The Barefoot Contessa Cookbook;Food and Drink;Five;£59.92;In stock
Tell the Wolves I'm Home;Young Adult;Two;£50.96;In stock
Ship Leaves Harbor: Essays on Travel by a Recovering Journeyman;Default;Three;£30.60;In stock
Pride and Prejudice;Add a comment;Four;£19.27;In stock
Musicophilia: Tales of Music and the Brain;Default;One;£46.58;In stock
Mere Christianity;Add a comment;Three;£48.51;In stock
Me Before You (Me Before You #1);Fiction;One;£19.02;In stock
In the Woods (Dublin Murder Squad #1);Mystery;Two;£38.38;In stock
In Cold Blood;Nonfiction;Four;£49.98;In stock
How to Stop Worrying and Start Living;Self Help;Five;£46.49;In stock
Give It Back;Thriller;Two;£18.32;In stock
Girl, Interrupted;Nonfiction;Three;£42.14;In stock
Fun Home: A Family Tragicomic;Add a comment;Four;£56.59;In stock
Fruits Basket, Vol. 6 (Fruits Basket #6);Sequential Art;Four;£20.96;In stock
Deception Point;Fiction;Four;£40.32;In stock
Death Note, Vol. 6: Give-and-Take (Death Note #6);Sequential Art;Three;£36.39;In stock
Catherine the Great: Portrait of a Woman;History;Four;£58.55;In stock
Better Homes and Gardens New Cook Book;Food and Drink;Three;£39.61;In stock
An Unquiet Mind: A Memoir of Moods and Madness;Psychology;Three;£21.30;In stock
A Year in Provence (Provence #1);Travel;Four;£56.88;In stock
World Without End (The Pillars of the Earth #2);Historical Fiction;Four;£32.97;In stock
Will Grayson, Will Grayson (Will Grayson, Will Grayson);Young Adult;Four;£47.31;In stock
Why Save the Bankers?: And Other Essays on Our Economic and Political Crisis;Nonfiction;Two;£48.67;In stock
Where She Went (If I Stay #2);Young Adult;Four;£41.73;In stock
What If?: Serious Scientific Answers to Absurd Hypothetical Questions;Default;Four;£53.68;In stock
Two Summers;Young Adult;One;£14.64;In stock
This Is Your Brain on Music: The Science of a Human Obsession;Music;One;£38.40;In stock
The Secret Garden;Classics;Four;£15.08;In stock
The Raven King (The Raven Cycle #4);Add a comment;Two;£30.57;In stock
The Raven Boys (The Raven Cycle #1);Fantasy;Four;£57.74;In stock
The Power Greens Cookbook: 140 Delicious Superfood Recipes;Food and Drink;Five;£11.05;In stock
The Metamorphosis;Classics;One;£28.58;In stock
The Mathews Men: Seven Brothers and the War Against Hitler's U-boats;History;Five;£42.91;In stock
The Little Paris Bookshop;Fiction;Three;£24.73;In stock
The Hiding Place;History;Four;£55.91;In stock
The Grand Design;Science;Three;£13.76;In stock
The Firm;Fiction;Three;£45.56;In stock
The Fault in Our Stars;Default;One;£47.22;In stock
The False Prince (The Ascendance Trilogy #1);Fantasy;Five;£56.00;In stock
The Expatriates;Fiction;Two;£44.58;In stock
The Dream Thieves (The Raven Cycle #2);Default;One;£34.50;In stock
The Darkest Corners;Young Adult;Five;£11.33;In stock
The Crossover;Poetry;Four;£38.77;In stock
The 5th Wave (The 5th Wave #1);Default;Two;£11.83;In stock
Tell the Wind and Fire;Fantasy;Three;£45.51;In stock
Tell Me Three Things;Young Adult;One;£41.81;In stock
Talking to Girls About Duran Duran: One Young Man's Quest for True Love and a Cooler Haircut;Nonfiction;Four;£25.15;In stock
Siddhartha;Fiction;Five;£34.22;In stock
Shiver (The Wolves of Mercy Falls #1);Default;Five;£16.23;In stock
Remember Me?;Default;Three;£11.48;In stock
Red Dragon (Hannibal Lecter #1);Horror;Three;£23.37;In stock
Peak: Secrets from the New Science of Expertise;Science;Two;£16.28;In stock
My Mother Was Nuts;Nonfiction;Four;£31.63;In stock
Mexican Today: New and Rediscovered Recipes for Contemporary Kitchens;Food and Drink;Five;£24.91;In stock
Maybe Something Beautiful: How Art Transformed a Neighborhood;Childrens;One;£22.54;In stock
Lola and the Boy Next Door (Anna and the French Kiss #2);Young Adult;Four;£23.63;In stock
Logan Kade (Fallen Crest High #5.5);Academic;Two;£13.12;In stock
Last One Home (New Beginnings #1);Fiction;Three;£59.98;In stock
Killing Floor (Jack Reacher #1);Thriller;Four;£31.49;In stock
Kill the Boy Band;Young Adult;Five;£15.52;In stock
Isla and the Happily Ever After (Anna and the French Kiss #3);Young Adult;Five;£48.13;In stock
If I Stay (If I Stay #1);Default;Five;£38.13;In stock
I Know Why the Caged Bird Sings (Maya Angelou's Autobiography #1);Default;Two;£36.55;In stock
Harry Potter and the Deathly Hallows (Harry Potter #7);Default;One;£23.32;In stock
Fruits Basket, Vol. 5 (Fruits Basket #5);Sequential Art;One;£16.33;In stock
Foundation (Foundation (Publication Order) #1);Science Fiction;One;£32.42;In stock
Fool Me Once;Default;One;£16.96;In stock
Find Her (Detective D.D. Warren #8);Add a comment;One;£22.37;In stock
Evicted: Poverty and Profit in the American City;Add a comment;One;£42.27;In stock
Drama;Default;Two;£38.70;In stock
Dracula the Un-Dead;Horror;Five;£35.63;In stock
Digital Fortress;Fiction;Five;£58.00;In stock
Death Note, Vol. 5: Whiteout (Death Note #5);Sequential Art;One;£52.41;In stock
Data, A Love Story: How I Gamed Online Dating to Meet My Match;Nonfiction;Three;£32.35;In stock
Critique of Pure Reason;Philosophy;One;£20.75;In stock
Booked;Poetry;Five;£17.49;In stock
Blue Lily, Lily Blue (The Raven Cycle #3);Default;Five;£34.13;In stock
Approval Junkie: Adventures in Caring Too Much;Autobiography;Five;£58.81;In stock
An Abundance of Katherines;Young Adult;Five;£10.00;In stock
America's War for the Greater Middle East: A Military History;History;Two;£51.22;In stock
Alight (The Generations Trilogy #2);Default;Four;£58.59;In stock
A Girl's Guide to Moving On (New Beginnings #2);Romance;One;£31.30;In stock
A Game of Thrones (A Song of Ice and Fire #1);Add a comment;Two;£46.42;In stock
A Feast for Crows (A Song of Ice and Fire #4);Fantasy;Four;£17.21;In stock
A Clash of Kings (A Song of Ice and Fire #2);Add a comment;Three;£10.79;In stock
Vogue Colors A to Z: A Fashion Coloring Book;Default;Four;£52.35;In stock
The Shining (The Shining #1);Default;Three;£27.88;In stock
The Pilgrim's Progress;Classics;Two;£50.26;In stock
The Perfect Play (Play by Play #1);Romance;Three;£59.99;In stock
The Passion of Dolssa;Historical Fiction;Five;£28.32;In stock
The Jazz of Physics: The Secret Link Between Music and the Structure of the Universe;Nonfiction;Three;£38.71;In stock
The Hunger Games (The Hunger Games #1);Default;Five;£29.85;In stock
The Hound of the Baskervilles (Sherlock Holmes #5);Classics;Two;£14.82;In stock
The Gunning of America: Business and the Making of American Gun Culture;Nonfiction;Four;£16.81;In stock
The Geography of Bliss: One Grump's Search for the Happiest Places in the World;Nonfiction;Two;£28.23;In stock
The Demonists (Demonist #1);Fantasy;Two;£52.11;In stock
The Demon Prince of Momochi House, Vol. 4 (The Demon Prince of Momochi House #4);Sequential Art;Two;£27.88;In stock
The Bone Hunters (Lexy Vaughan & Steven Macaulay #2);Thriller;Three;£59.71;In stock
The Beast (Black Dagger Brotherhood #14);Fantasy;Five;£46.08;In stock
Some Women;Womens Fiction;Five;£13.73;In stock
Shopaholic Ties the Knot (Shopaholic #3);Womens Fiction;Five;£48.39;In stock
Paper and Fire (The Great Library #2);Fantasy;Five;£49.45;In stock
Outlander (Outlander #1);Default;Five;£19.67;In stock
Orchestra of Exiles: The Story of Bronislaw Huberman, the Israel Philharmonic, and the One Thousand Jews He Saved from Nazi Horrors;Music;Three;£12.36;In stock
No One Here Gets Out Alive;Music;Five;£20.02;In stock
Night Shift (Night Shift #1-20);Horror;Four;£12.75;In stock
Needful Things;Horror;Four;£47.51;In stock
Mockingjay (The Hunger Games #3);Default;Four;£20.44;In stock
Misery;Horror;Two;£34.79;In stock
Little Women (Little Women #1);Classics;Four;£28.07;In stock
It;Horror;Three;£25.01;In stock
Harry Potter and the Sorcerer's Stone (Harry Potter #1);Default;Three;£13.90;In stock
Harry Potter and the Prisoner of Azkaban (Harry Potter #3);Young Adult;Four;£24.17;In stock
Harry Potter and the Order of the Phoenix (Harry Potter #5);Fantasy;Four;£31.63;In stock
Harry Potter and the Half-Blood Prince (Harry Potter #6);Fantasy;Five;£48.75;In stock
Harry Potter and the Chamber of Secrets (Harry Potter #2);Fantasy;One;£14.74;In stock
Gone with the Wind;Classics;Three;£32.49;In stock
God Is Not Great: How Religion Poisons Everything;Nonfiction;One;£27.80;In stock
Girl With a Pearl Earring;Historical Fiction;One;£26.77;In stock
Fruits Basket, Vol. 4 (Fruits Basket #4);Sequential Art;Four;£50.44;In stock
Far From True (Promise Falls Trilogy #2);Thriller;Two;£34.93;In stock
Dark Lover (Black Dagger Brotherhood #1);Romance;One;£12.87;In stock
Confessions of a Shopaholic (Shopaholic #1);Default;Two;£48.94;In stock
Changing the Game (Play by Play #2);Romance;Three;£13.38;In stock
Candide;Classics;Three;£58.63;In stock
Can You Keep a Secret?;Womens Fiction;One;£21.94;In stock
Atlas Shrugged;Fiction;Five;£26.58;In stock
Animal Farm;Classics;Three;£57.22;In stock
A Walk to Remember;Romance;One;£56.43;In stock
A New Earth: Awakening to Your Life's Purpose;Spirituality;Five;£55.65;In stock
A History of God: The 4,000-Year Quest of Judaism, Christianity, and Islam;Religion;One;£27.62;In stock
'Salem's Lot;Horror;Four;£49.56;In stock
Zero History (Blue Ant #3);Default;One;£34.77;In stock
Wuthering Heights;Classics;Three;£17.73;In stock
World War Z: An Oral History of the Zombie War;Default;One;£21.80;In stock
Wild: From Lost to Found on the Pacific Crest Trail;Default;Three;£46.02;In stock
Where'd You Go, Bernadette;Default;One;£18.13;In stock
When You Are Engulfed in Flames;Humor;Five;£30.89;In stock
We the People: The Modern-Day Figures Who Have Reshaped and Affirmed the Founding Fathers' Vision of America;Nonfiction;Three;£31.95;In stock
We Are All Completely Beside Ourselves;Contemporary;One;£24.04;In stock
Walk the Edge (Thunder Road #2);Young Adult;Three;£32.36;In stock
Voyager (Outlander #3);Historical Fiction;Five;£21.07;In stock
Very Good Lives: The Fringe Benefits of Failure and the Importance of Imagination;Nonfiction;Three;£50.66;In stock
Vegan Vegetarian Omnivore: Dinner for Everyone at the Table;Food and Drink;Two;£13.66;In stock
Unstuffed: Decluttering Your Home, Mind, and Soul;Nonfiction;One;£58.09;In stock
Under the Banner of Heaven: A Story of Violent Faith;Nonfiction;One;£30.00;In stock
Two Boys Kissing;Young Adult;Two;£32.74;In stock
Twilight (Twilight #1);Default;Two;£41.93;In stock
Twenties Girl;Womens Fiction;Two;£42.80;In stock
Trespassing Across America: One Man's Epic, Never-Done-Before (and Sort of Illegal) Hike Across the Heartland;Nonfiction;One;£53.51;In stock
Three-Martini Lunch;Fiction;Three;£23.21;In stock
Thinking, Fast and Slow;Psychology;One;£21.14;In stock
The Wild Robot;Childrens;Three;£56.07;In stock
The Wicked + The Divine, Vol. 3: Commercial Suicide (The Wicked + The Divine);Sequential Art;Three;£14.41;In stock
The Undomestic Goddess;Womens Fiction;Four;£45.75;In stock
The Travelers;Thriller;One;£15.77;In stock
The Tipping Point: How Little Things Can Make a Big Difference;Add a comment;Two;£10.02;In stock
The Thing About Jellyfish;Childrens;One;£48.77;In stock
The Stand;Horror;Two;£57.86;In stock
The Smitten Kitchen Cookbook;Food and Drink;One;£23.59;In stock
The Silkworm (Cormoran Strike #2);Mystery;Five;£23.05;In stock
The Sandman, Vol. 3: Dream Country (The Sandman (volumes) #3);Sequential Art;Five;£55.55;In stock
The Rose & the Dagger (The Wrath and the Dawn #2);Fantasy;Four;£58.64;In stock
The Road to Little Dribbling: Adventures of an American in Britain (Notes From a Small Island #2);Travel;One;£23.21;In stock
The Rise of Theodore Roosevelt (Theodore Roosevelt #1);Biography;Three;£42.57;In stock
The Restaurant at the End of the Universe (Hitchhiker's Guide to the Galaxy #2);Science Fiction;One;£10.92;In stock
The Rest Is Noise: Listening to the Twentieth Century;Add a comment;One;£34.77;In stock
The Red Tent;Historical Fiction;Five;£35.66;In stock
The Purpose Driven Life: What on Earth Am I Here for?;Add a comment;Three;£37.19;In stock
The Purest Hook (Second Circle Tattoos #3);Romance;One;£12.25;In stock
The Picture of Dorian Gray;Classics;Two;£29.70;In stock
The Paris Wife;Default;Three;£36.80;In stock
The Obsession;Romance;One;£45.43;In stock
The Nightingale;Fiction;Four;£26.26;In stock
The New Guy (and Other Senior Year Distractions);Young Adult;Three;£44.92;In stock
The Nanny Diaries (Nanny #1);Womens Fiction;Five;£52.53;In stock
The Name of God is Mercy;Nonfiction;Two;£37.25;In stock
The Maze Runner (The Maze Runner #1);Default;One;£20.93;In stock
The Lover's Dictionary;Default;Two;£58.09;In stock
The Lonely Ones;Childrens;Five;£43.59;In stock
The Lean Startup: How Today's Entrepreneurs Use Continuous Innovation to Create Radically Successful Businesses;Business;Three;£33.92;In stock
The Last Painting of Sara de Vos;Historical Fiction;Two;£55.55;In stock
The Land of 10,000 Madonnas;Young Adult;Four;£29.64;In stock
The Infinities;Fiction;One;£27.41;In stock
The Husband's Secret;Fiction;Five;£52.51;In stock
The Hitchhiker's Guide to the Galaxy (Hitchhiker's Guide to the Galaxy #1);Add a comment;Three;£47.80;In stock
The Guns of August;History;Two;£14.54;In stock
The Guernsey Literary and Potato Peel Pie Society;Historical Fiction;One;£49.53;In stock
The Goldfinch;Default;Three;£43.58;In stock
The Giver (The Giver Quartet #1);Default;One;£12.30;In stock
The Girl with All the Gifts;Horror;Three;£49.47;In stock
The Girl Who Played with Fire (Millennium Trilogy #2);Default;Two;£22.14;In stock
The Girl Who Kicked the Hornet's Nest (Millennium Trilogy #3);Add a comment;One;£57.48;In stock
The Exiled;Mystery;Three;£43.45;In stock
The End of Faith: Religion, Terror, and the Future of Reason;Add a comment;Four;£22.13;In stock
The Elegant Universe: Superstrings, Hidden Dimensions, and the Quest for the Ultimate Theory;Science;Four;£13.03;In stock
The Disappearing Spoon: And Other True Tales of Madness, Love, and the History of the World from the Periodic Table of the Elements;Science;Five;£57.35;In stock
The Devil Wears Prada (The Devil Wears Prada #1);Womens Fiction;One;£44.29;In stock
The Demon-Haunted World: Science as a Candle in the Dark;Default;Four;£52.25;In stock
The Day the Crayons Came Home (Crayons);Childrens;Five;£26.33;In stock
The Da Vinci Code (Robert Langdon #2);Fiction;Two;£22.96;In stock
The Cuckoo's Calling (Cormoran Strike #1);Mystery;One;£19.21;In stock
The Complete Stories and Poems (The Works of Edgar Allan Poe [Cameo Edition]);Classics;Four;£26.78;In stock
The Complete Poems;Add a comment;Five;£41.32;In stock
The Catcher in the Rye;Add a comment;One;£24.55;In stock
The Cat in the Hat (Beginner Books B-1);Childrens;Two;£16.26;In stock
The Case for Christ (Cases for Christianity);Add a comment;One;£47.84;In stock
The Book Thief;Default;Two;£53.49;In stock
The Book of Basketball: The NBA According to The Sports Guy;Sports and Games;Five;£44.84;In stock
The Blind Side: Evolution of a Game;Add a comment;Five;£53.71;In stock
The Autobiography of Malcolm X;Default;Two;£23.43;In stock
The Art of Simple Food: Notes, Lessons, and Recipes from a Delicious Revolution;Food and Drink;Three;£34.32;In stock
The Art of Fielding;Fiction;One;£22.10;In stock
Surely You're Joking, Mr. Feynman!: Adventures of a Curious Character;Science;Two;£25.83;In stock
Stiff: The Curious Lives of Human Cadavers;Nonfiction;Three;£36.74;In stock
Spilled Milk: Based on a True Story;Nonfiction;One;£49.51;In stock
Something Borrowed (Darcy & Rachel #1);Womens Fiction;Five;£48.96;In stock
Something Blue (Darcy & Rachel #2);Womens Fiction;One;£54.62;In stock
Soldier (Talon #3);Fantasy;Two;£24.72;In stock
Shopaholic & Baby (Shopaholic #5);Default;Two;£46.45;In stock
Seven Days in the Art World;Add a comment;Two;£52.33;In stock
Seven Brief Lessons on Physics;Science;Four;£30.60;In stock
Scarlet (The Lunar Chronicles #2);Young Adult;Four;£14.57;In stock
Sarah's Key;Add a comment;One;£46.29;In stock
Saga, Volume 3 (Saga (Collected Editions) #3);Sequential Art;Five;£21.57;In stock
Running with Scissors;Autobiography;Four;£12.91;In stock
Rogue Lawyer (Rogue Lawyer #1);Add a comment;Three;£50.11;In stock
Rise of the Rocket Girls: The Women Who Propelled Us, from Missiles to the Moon to Mars;Nonfiction;Four;£41.67;In stock
Rework;Business;Two;£44.88;In stock
Reservations for Two;Romance;Three;£11.10;In stock
Red: The True Story of Red Riding Hood;Childrens;Three;£28.54;In stock
Ready Player One;Science Fiction;Four;£19.07;In stock
Quiet: The Power of Introverts in a World That Can't Stop Talking;Default;One;£43.55;In stock
Prodigy: The Graphic Novel (Legend: The Graphic Novel #2);Sequential Art;Three;£43.63;In stock
Persepolis: The Story of a Childhood (Persepolis #1-2);Sequential Art;One;£39.13;In stock
Packing for Mars: The Curious Science of Life in the Void;Default;Two;£56.68;In stock
Outliers: The Story of Success;Nonfiction;One;£14.16;In stock
Original Fake;Sequential Art;Three;£31.45;In stock
Orange Is the New Black;Default;Two;£24.61;In stock
One for the Money (Stephanie Plum #1);Default;Two;£32.87;In stock
Notes from a Small Island (Notes From a Small Island #1);Nonfiction;One;£40.17;In stock
Night (The Night Trilogy #1);Nonfiction;One;£13.51;In stock
Neither Here nor There: Travels in Europe;Travel;Three;£38.95;In stock
Naked;Humor;Three;£31.69;In stock
Morning Star (Red Rising #3);Default;One;£29.40;In stock
Miracles from Heaven: A Little Girl, Her Journey to Heaven, and Her Amazing Story of Healing;Nonfiction;One;£57.83;In stock
Midnight Riot (Peter Grant/ Rivers of London - books #1);Fantasy;Two;£55.46;In stock
Me Talk Pretty One Day;Autobiography;Two;£57.60;In stock
Manuscript Found in Accra;Add a comment;Two;£34.98;In stock
Lust & Wonder;Autobiography;Two;£11.87;In stock
Lila (Gilead #3);Fiction;Three;£12.47;In stock
Life, the Universe and Everything (Hitchhiker's Guide to the Galaxy #3);Science Fiction;Two;£33.26;In stock
Life Without a Recipe;Autobiography;Five;£59.04;In stock
Life After Life;Default;Two;£26.13;In stock
Letter to a Christian Nation;Nonfiction;One;£22.20;In stock
Let's Pretend This Never Happened: A Mostly True Memoir;Nonfiction;One;£45.11;In stock
Legend (Legend #1);Young Adult;Four;£43.69;In stock
Lean In: Women, Work, and the Will to Lead;Default;One;£25.02;In stock
Lamb: The Gospel According to Biff, Christ's Childhood Pal;Humor;Five;£55.50;In stock
Lady Renegades (Rebel Belle #3);Young Adult;Five;£53.04;In stock
Jurassic Park (Jurassic Park #1);Fiction;One;£44.97;In stock
It's Never Too Late to Begin Again: Discovering Creativity and Meaning at Midlife and Beyond;Nonfiction;One;£42.38;In stock
Is Everyone Hanging Out Without Me? (And Other Concerns);Default;Three;£20.11;In stock
Into the Wild;Nonfiction;Five;£56.70;In stock
Inferno (Robert Langdon #4);Fiction;Five;£41.00;In stock
In the Garden of Beasts: Love, Terror, and an American Family in Hitler's Berlin;Nonfiction;Three;£28.85;In stock
If I Run (If I Run #1);Christian Fiction;Four;£49.97;In stock
I've Got Your Number;Womens Fiction;One;£19.69;In stock
I Am Malala: The Girl Who Stood Up for Education and Was Shot by the Taliban;Nonfiction;Two;£28.88;In stock
Hungry Girl Clean & Hungry: Easy All-Natural Recipes for Healthy Eating in the Real World;Food and Drink;Three;£33.14;In stock
House of Lost Worlds: Dinosaurs, Dynasties, and the Story of Life on Earth;History;Two;£43.70;In stock
House of Leaves;Horror;One;£54.89;In stock
Horrible Bear!;Childrens;Two;£37.52;In stock
Holidays on Ice;Humor;Two;£51.07;In stock
Heir to the Sky;Fantasy;Four;£44.07;In stock
Green Eggs and Ham (Beginner Books B-16);Childrens;Four;£10.79;In stock
Grayson, Vol 3: Nemesis (Grayson #3);Sequential Art;One;£42.72;In stock
Gratitude;Nonfiction;Five;£26.66;In stock
Gone Girl;Default;Five;£37.60;In stock
Golden (Heart of Dread #3);Young Adult;Four;£42.21;In stock
Girl in the Blue Coat;Historical Fiction;Two;£46.83;In stock
Fruits Basket, Vol. 3 (Fruits Basket #3);Sequential Art;Two;£45.17;In stock
Friday Night Lights: A Town, a Team, and a Dream;Sports and Games;Three;£51.22;In stock
Fire Bound (Sea Haven/Sisters of the Heart #5);Add a comment;Four;£21.28;In stock
Fifty Shades Freed (Fifty Shades #3);Adult Fiction;Five;£15.36;In stock
Fellside;Default;One;£38.62;In stock
Extreme Prey (Lucas Davenport #26);Mystery;Three;£25.40;In stock
Eragon (The Inheritance Cycle #1);Fantasy;Three;£43.87;In stock
Eclipse (Twilight #3);Default;One;£18.74;In stock
Dune (Dune #1);Science Fiction;One;£54.86;In stock
Dracula;Default;Three;£52.62;In stock
Do Androids Dream of Electric Sheep? (Blade Runner #1);Science Fiction;One;£51.48;In stock
Disrupted: My Misadventure in the Start-Up Bubble;Nonfiction;Five;£15.28;In stock
Dead Wake: The Last Crossing of the Lusitania;Default;Five;£39.24;In stock
David and Goliath: Underdogs, Misfits, and the Art of Battling Giants;Default;One;£17.81;In stock
Darkfever (Fever #1);Fantasy;One;£56.02;In stock
Dark Places;Default;Five;£23.90;In stock
Crazy Rich Asians (Crazy Rich Asians #1);Fiction;Five;£49.13;In stock
Counting Thyme;Childrens;One;£10.62;In stock
Cosmos;Add a comment;Two;£36.17;In stock
Civilization and Its Discontents;Psychology;Two;£59.95;In stock
Cinder (The Lunar Chronicles #1);Young Adult;One;£26.09;In stock
Catastrophic Happiness: Finding Joy in Childhood's Messy Years;Parenting;Two;£37.35;In stock
Career of Evil (Cormoran Strike #3);Mystery;Two;£24.72;In stock
Breaking Dawn (Twilight #4);Default;Five;£35.28;In stock
Brave Enough;Nonfiction;Five;£51.32;In stock
Boy Meets Boy;Young Adult;Three;£21.12;In stock
Born to Run: A Hidden Tribe, Superathletes, and the Greatest Race the World Has Never Seen;Nonfiction;Two;£27.35;In stock
Blink: The Power of Thinking Without Thinking;Nonfiction;Five;£21.74;In stock
Black Flags: The Rise of ISIS;Nonfiction;One;£40.87;In stock
Black Butler, Vol. 1 (Black Butler #1);Sequential Art;One;£49.31;In stock
Big Little Lies;Fiction;One;£22.11;In stock
Between Shades of Gray;Historical Fiction;Five;£20.79;In stock
Best of My Love (Fool's Gold #20);Romance;Two;£27.41;In stock
Beowulf;Classics;Two;£38.35;In stock
Beautiful Creatures (Caster Chronicles #1);Default;Five;£21.55;In stock
Awkward;Sequential Art;Two;£38.02;In stock
Ash;Fantasy;Four;£22.06;In stock
Are We There Yet?;Childrens;Three;£10.66;In stock
Are We Smart Enough to Know How Smart Animals Are?;Nonfiction;One;£56.58;In stock
Annie on My Mind;Young Adult;Five;£36.83;In stock
And Then There Were None;Classics;Two;£35.01;In stock
A Walk in the Woods: Rediscovering America on the Appalachian Trail;Nonfiction;Four;£30.48;In stock
A Visit from the Goon Squad;Default;Five;£14.08;In stock
A Storm of Swords (A Song of Ice and Fire #3);Fantasy;Two;£31.22;In stock
A Heartbreaking Work of Staggering Genius;Autobiography;Five;£54.29;In stock
8 Keys to Mental Health Through Exercise;Psychology;One;£31.04;In stock
#GIRLBOSS;Add a comment;One;£50.96;In stock
The Suffragettes (Little Black Classics, #96);Nonfiction;Two;£11.89;In stock
The Sense of an Ending;Add a comment;Three;£31.38;In stock
The Sandman, Vol. 2: The Doll's House (The Sandman (volumes) #2);Sequential Art;One;£54.81;In stock
The Course of Love;Fiction;Three;£16.78;In stock
Sugar Rush (Offensive Line #2);Sports and Games;One;£24.42;In stock
Saga, Volume 2 (Saga (Collected Editions) #2);Sequential Art;Three;£11.75;In stock
Run, Spot, Run: The Ethics of Keeping Pets;Philosophy;One;£20.02;In stock
New Moon (Twilight #2);Young Adult;Four;£12.86;In stock
Life;Music;Five;£31.58;In stock
Kindle Paperwhite User's Guide;Nonfiction;Three;£34.00;In stock
H is for Hawk;Nonfiction;Five;£57.42;In stock
Girl Online On Tour (Girl Online #2);Young Adult;One;£53.47;In stock
Fruits Basket, Vol. 2 (Fruits Basket #2);Sequential Art;Five;£11.64;In stock
Diary of a Minecraft Zombie Book 1: A Scare of a Dare (An Unofficial Minecraft Book);Childrens;Four;£52.88;In stock
Y: The Last Man, Vol. 1: Unmanned (Y: The Last Man #1);Sequential Art;Four;£18.51;In stock
While You Were Mine;Historical Fiction;Five;£41.32;In stock
Where Lightning Strikes (Bleeding Stars #3);Romance;Three;£39.77;In stock
When I'm Gone;Fiction;Three;£51.96;In stock
Ways of Seeing;Art;Five;£39.51;In stock
Vampire Knight, Vol. 1 (Vampire Knight #1);Paranormal;One;£15.40;In stock
Vampire Girl (Vampire Girl #1);Fantasy;Two;£53.82;In stock
Twenty Love Poems and a Song of Despair;Poetry;Four;£30.95;In stock
Travels with Charley: In Search of America;Nonfiction;Five;£57.82;In stock
Three Wishes (River of Time: California #1);Science Fiction;Two;£44.18;In stock
This One Moment (Pushing Limits #1);Romance;One;£48.71;In stock
The Zombie Room;Default;Five;£19.69;In stock
The Wicked + The Divine, Vol. 1: The Faust Act (The Wicked + The Divine);Sequential Art;Two;£36.52;In stock
The Tumor;Nonfiction;Five;£41.56;In stock
The Story of Hong Gildong;Classics;Four;£43.19;In stock
The Silent Wife;Fiction;Five;£12.34;In stock
The Silent Twin (Detective Jennifer Knight #3);Fantasy;Three;£36.25;In stock
The Selfish Gene;Science;One;£29.45;In stock
The Secret Healer;Historical Fiction;Three;£34.56;In stock
The Sandman, Vol. 1: Preludes and Nocturnes (The Sandman (volumes) #1);Sequential Art;Three;£54.12;In stock
The Republic;Add a comment;Three;£33.78;In stock
The Odyssey;Add a comment;Three;£29.64;In stock
The No. 1 Ladies' Detective Agency (No. 1 Ladies' Detective Agency #1);Mystery;Four;£57.70;In stock
The Nicomachean Ethics;Philosophy;One;£36.34;In stock
The Name of the Wind (The Kingkiller Chronicle #1);Default;Three;£50.59;In stock
The Mirror & the Maze (The Wrath and the Dawn #1.5);Fantasy;One;£29.38;In stock
The Little Prince;Classics;Two;£45.42;In stock
The Light of the Fireflies;Add a comment;One;£54.43;In stock
The Last Girl (The Dominion Trilogy #1);Science Fiction;Two;£36.26;In stock
The Iliad;Add a comment;One;£16.16;In stock
The Hook Up (Game On #1);New Adult;Five;£36.29;In stock
The Haters;Young Adult;Five;£27.89;In stock
The Girl You Lost;Mystery;Five;£12.29;In stock
The Girl In The Ice (DCI Erika Foster #1);Mystery;Three;£15.85;In stock
The End of the Jesus Era (An Investigation #1);Nonfiction;One;£14.40;In stock
The Edge of Reason (Bridget Jones #2);Womens Fiction;Four;£19.18;In stock
The Complete Maus (Maus #1-2);Sequential Art;Three;£10.64;In stock
The Communist Manifesto;Add a comment;Three;£14.76;In stock
The Bhagavad Gita;Religion;Three;£57.49;In stock
The Bette Davis Club;Fiction;Three;£30.66;In stock
The Art of Not Breathing;Young Adult;Four;£40.83;In stock
Taking Shots (Assassins #1);Default;Two;£18.88;In stock
Starlark;Historical Fiction;Three;£25.83;In stock
Skip Beat!, Vol. 01 (Skip Beat! #1);Sequential Art;Three;£42.12;In stock
Sister Sable (The Mad Queen #1);Fantasy;Three;£13.33;In stock
Shatter Me (Shatter Me #1);Default;One;£42.40;In stock
Shameless;New Adult;Three;£58.35;In stock
Shadow Rites (Jane Yellowrock #10);Fantasy;Four;£21.72;In stock
Settling the Score (The Summer Games #1);Sports and Games;Two;£44.91;In stock
Sense and Sensibility;Classics;One;£37.46;In stock
Saga, Volume 1 (Saga (Collected Editions) #1);Sequential Art;One;£28.48;In stock
Rhythm, Chord & Malykhin;Romance;Two;£28.34;In stock
Rat Queens, Vol. 1: Sass & Sorcery (Rat Queens (Collected Editions) #1-5);Sequential Art;Five;£46.96;In stock
Paradise Lost (Paradise #1);Default;One;£24.96;In stock
Paper Girls, Vol. 1 (Paper Girls #1-5);Sequential Art;Four;£21.71;In stock
Ouran High School Host Club, Vol. 1 (Ouran High School Host Club #1);Sequential Art;Three;£29.87;In stock
Origins (Alphas 0.5);Fantasy;One;£28.99;In stock
One Second (Seven #7);Fantasy;Two;£52.94;In stock
On the Road (Duluoz Legend);Default;Three;£32.36;In stock
Old Records Never Die: One Man's Quest for His Vinyl and His Past;Music;Two;£55.66;In stock
Off Sides (Off #1);New Adult;Five;£39.45;In stock
Of Mice and Men;Classics;Two;£47.11;In stock
Myriad (Prentor #1);Fantasy;Four;£58.75;In stock
My Perfect Mistake (Over the Top #1);Romance;Two;£38.92;In stock
Ms. Marvel, Vol. 1: No Normal (Ms. Marvel (2014-2015) #1);Sequential Art;Four;£39.39;In stock
Meditations;Philosophy;Two;£25.89;In stock
Matilda;Childrens;One;£28.34;In stock
Lost Among the Living;Historical Fiction;Four;£27.70;In stock
Lord of the Flies;Add a comment;Three;£24.89;In stock
Listen to Me (Fusion #1);Romance;Three;£58.99;In stock
Kitchens of the Great Midwest;Fiction;Five;£57.20;In stock
Jane Eyre;Default;Five;£38.43;In stock
Imperfect Harmony;Romance;Four;£34.74;In stock
Icing (Aces Hockey #2);Sports and Games;Four;£40.44;In stock
Hawkeye, Vol. 1: My Life as a Weapon (Hawkeye #1);Sequential Art;Three;£45.24;In stock
Having the Barbarian's Baby (Ice Planet Barbarians #7.5);Science Fiction;Four;£34.96;In stock
Giant Days, Vol. 1 (Giant Days #1-4);Sequential Art;Four;£56.76;In stock
Fruits Basket, Vol. 1 (Fruits Basket #1);Sequential Art;Five;£40.28;In stock
Frankenstein;Default;Two;£38.00;In stock
Forever Rockers (The Rocker #12);Music;Three;£28.80;In stock
Fighting Fate (Fighting #6);Romance;Three;£39.24;In stock
Emma;Classics;Two;£32.93;In stock
Eat, Pray, Love;Nonfiction;Three;£51.32;In stock
Deep Under (Walker Security #1);Romance;Five;£47.09;In stock
Choosing Our Religion: The Spiritual Lives of America's Nones;Religion;Four;£28.42;In stock
Charlie and the Chocolate Factory (Charlie Bucket #1);Childrens;Three;£22.85;In stock
Charity's Cross (Charles Towne Belles #4);Romance;One;£41.24;In stock
Bright Lines;Fiction;Five;£39.07;In stock
Bridget Jones's Diary (Bridget Jones #1);Womens Fiction;One;£29.82;In stock
Bounty (Colorado Mountain #7);Romance;Four;£37.26;In stock
Blood Defense (Samantha Brinkman #1);Mystery;Three;£20.30;In stock
Bleach, Vol. 1: Strawberry and the Soul Reapers (Bleach #1);Sequential Art;Five;£34.65;In stock
Beyond Good and Evil;Philosophy;One;£43.38;In stock
Alice in Wonderland (Alice's Adventures in Wonderland #1);Classics;One;£55.53;In stock
Ajin: Demi-Human, Volume 1 (Ajin: Demi-Human #1);Sequential Art;Four;£57.06;In stock
A Spy's Devotion (The Regency Spies of London #1);Historical Fiction;Five;£16.97;In stock
1st to Die (Women's Murder Club #1);Mystery;One;£53.98;In stock
1,000 Places to See Before You Die;Travel;Five;£26.08;In stock
